t_read, t_sample, t_reduce, t_total
0.000849962, 0.0170159, 0.942441, 53.1892
